Nucleotide,A,C,G,T,SRR12188657
8782,2,0,0,654
17747,2,2,0,888
17858,2,2,601,0
18060,5,0,1,436
28144,6,1047,0,1
29095,11,634,0,1309
Nucleotide,A,C,G,T,SRR11939965
8782,16,2,1,4795
17747,15,1,3,6967
17858,2,25,6462,3
18060,128,2,1,3983
28144,16,5686,2,0
29095,10,3802,0,1174
Nucleotide,A,C,G,T,SRR13200921
8782,2,0,0,4163
17747,6,0,0,3684
17858,1,1,3913,0
18060,5,0,0,2667
28144,8,5320,2,1
29095,4,4995,0,475
Nucleotide,A,C,G,T,SRR12188708
8782,0,0,0,118
17747,7,0,0,268
17858,0,1,327,0
18060,0,0,0,155
28144,3,1001,0,128
29095,0,406,0,12
Nucleotide,A,C,G,T,SRR11278166
8782,1,5,7,9407
17747,1,17,2,9618
17858,8,5,9771,5
18060,4,14,3,9754
28144,5,9880,5,8
29095,7,9418,1,217
Nucleotide,A,C,G,T,SRR12188594
8782,0,0,0,129
17747,0,0,0,156
17858,0,0,133,0
18060,0,0,0,81
28144,1,295,0,0
29095,0,247,0,4
Nucleotide,A,C,G,T,SRR13200932
8782,0,214,0,7216
17747,1,1002,0,5491
17858,8,1,3284,4
18060,0,4,0,2997
28144,1,742,0,2110
29095,0,354,0,6
Nucleotide,A,C,G,T,SRR11780110
8782,0,0,0,140
17747,0,0,0,134
17858,0,0,99,0
18060,0,0,0,49
28144,1,269,0,0
29095,0,156,0,2
Nucleotide,A,C,G,T,SRR11278165
8782,0,0,0,268
17747,0,0,0,413
17858,4,0,424,0
18060,0,0,0,414
28144,0,357,0,0
29095,1,185,0,2
Nucleotide,A,C,G,T,SRR11772045
8782,0,0,0,425
17747,0,0,0,1528
17858,20,0,1673,0
18060,0,0,0,1163
28144,2,2151,0,11
29095,49,2295,0,36
Nucleotide,A,C,G,T,SRR11779993
8782,0,0,0,959
17747,0,2,0,1328
17858,1,1,965,0
18060,0,0,0,486
28144,2,2191,0,3
29095,3,1888,0,15
Nucleotide,A,C,G,T,SRR12188626
8782,0,0,0,179
17747,0,0,0,77
17858,0,0,102,0
18060,0,0,0,38
28144,1,135,0,1
29095,0,147,0,1
Nucleotide,A,C,G,T,SRR11652920
8782,0,9,0,1132
17747,0,15,0,1666
17858,19,0,894,0
18060,0,0,0,1743
28144,0,2423,0,5
29095,0,2782,0,16
Nucleotide,A,C,G,T,SRR11578196
8782,1,3,0,1271
17747,0,5,0,62
17858,2,0,54,0
18060,1,6,0,953
28144,7,2170,0,5
29095,3,974,0,13
Nucleotide,A,C,G,T,SRR11622227
8782,14,6,8,1552
17747,3,55,1,1106
17858,2,4,705,2
18060,10,4,0,2107
28144,17,4566,4,5
29095,0,107,0,1
Nucleotide,A,C,G,T,SRR12188677
8782,0,2,0,213
17747,0,0,0,262
17858,0,1,248,0
18060,0,0,0,140
28144,2,288,0,0
29095,0,446,0,2
Nucleotide,A,C,G,T,SRR11780105
8782,1,0,0,794
17747,0,0,0,1129
17858,0,0,688,0
18060,0,0,0,367
28144,0,2370,0,1
29095,0,1519,0,6
Nucleotide,A,C,G,T,SRR13200941
8782,0,1,1,629
17747,1,0,0,812
17858,0,0,580,0
18060,0,0,0,354
28144,6,1501,0,3
29095,0,1060,0,4
Nucleotide,A,C,G,T,SRR11779972
8782,0,0,0,769
17747,1,0,0,1127
17858,0,1,769,0
18060,0,0,0,397
28144,3,1741,1,0
29095,0,1507,0,5
Nucleotide,A,C,G,T,SRR12110199
8782,7,3,2,3042
17747,6,24,5,5256
17858,13,7,3942,13
18060,12,13,13,2847
28144,23,5707,8,11
29095,7,5363,3,24
